Full Name,GitHub Username
Brandur Leach,brandur
Ferenc Fabian,PumpkinSeed
Eric Hauser,ewhauser
Andrii Semenets,semanser
Pedro Henrique,crossworth
Hynek Schlawack,hynek
Nathan Baulch,NathanBaulch
Chris Gaffney,gaffneyc
Matthew Magaldi,magaldima
Benjamin Egelund-Müller,begelundmuller
Hubert Krauze,krhubert
Andrew Haines,haines
Nathanael Demacon,quantumsheep
Pablo Crivella,pcriv
Federico Jaramillo Martinez,jmfederico
Mohamed Sallam,sallam-dev
Zhiming Wang,zmwangx
Jan Kott,boostvolt
Zhongrui Tao,ne275
Maciej Mucha,mfly
Johan Kjölhede,GiGurra
Timm Preetz,tp
Mi Tar,mitar
Ryan Yeske,rcy
Tiago Silva,tigrato
Igor Deo Alves,IgorDeo
Peter Chen J.,peter941221
Elizabeth Chatman,echatman
Edward Xu,gzxu
Sushanth Tiruvaipati,tsushanth
Sarah Funkhouser,golanglemonade
Yavuz E,e-yavuz-1
BreezeDelegate,BreezeDelegate
Chris George, chrisgeo
